,X2015.M11,X2015.M11r1,X2015.M11r10,X2015.M11r2,X2015.M11r3,X2015.M11r4,X2015.M11r5,X2015.M11r6,X2015.M11r7,X2015.M11r8,X2015.M11r9,X2015.M24,X2015.M24r1,X2015.M24r10,X2015.M24r11,X2015.M24r12,X2015.M24r2,X2015.M24r4,X2015.M24r5,X2015.M24r6,X2015.M24r7,X2015.M24r8,X2015.M24r9,X2015.M7,X2015.M7r1,X2015.M7r10,X2015.M7r11,X2015.M7r2,X2015.M7r3,X2015.M7r4,X2015.M7r5,X2015.M7r6,X2015.M7r7,X2015.M7r8,X2015.M7r9,X2015.M9,X2015.M9r1,X2015.M9r10,X2015.M9r11,X2015.M9r12,X2015.M9r2,X2015.M9r4,X2015.M9r5,X2015.M9r6,X2015.M9r7,X2015.M9r8,X2015.M9r9,X2016.11C,X2016.11L,X2016.11R,X2016.11r1,X2016.11r10,X2016.11r11,X2016.11r12,X2016.11r2,X2016.11r3,X2016.11r4,X2016.11r5,X2016.11r6,X2016.11r7,X2016.11r8,X2016.11r9,X2016.24C,X2016.24L,X2016.24R,X2016.24r1,X2016.24r10,X2016.24r11,X2016.24r12,X2016.24r2,X2016.24r3,X2016.24r4,X2016.24r5,X2016.24r6,X2016.24r7,X2016.24r8,X2016.24r9,X2016.7C,X2016.7L,X2016.7R,X2016.7r1,X2016.7r10,X2016.7r11,X2016.7r12,X2016.7r2,X2016.7r3,X2016.7r4,X2016.7r5,X2016.7r6,X2016.7r7,X2016.7r8,X2016.7r9,X2016.9C,X2016.9L,X2016.9R,X2016.9r1,X2016.9r10,X2016.9r11,X2016.9r12,X2016.9r2,X2016.9r3,X2016.9r4,X2016.9r5,X2016.9r6,X2016.9r7,X2016.9r8,X2016.9r9,adjp.t,adjp.y,adjp.i,pval.t,pval.y,pval.i
sq1,7314.23203386726,7314.23203386726,7314.23203386725,7314.23203386726,7314.23203386726,7314.23203386726,7314.23203386726,7314.23203386726,7314.23203386726,7314.23203386726,7314.23203386726,7314.23203386726,7314.23203386726,7314.23203386725,7314.23203386726,7314.23203386726,7314.23203386726,7314.23203386726,7314.23203386726,7314.23203386726,7314.23203386725,7314.23203386726,7314.23203386726,7314.23203386726,7314.23203386725,7314.23203386726,7314.23203386725,7314.23203386726,7314.23203386727,7314.23203386726,7314.23203386726,7314.23203386726,7314.23203386726,7314.23203386726,7314.23203386725,7314.23203386726,7314.23203386726,7314.23203386726,7314.23203386726,7314.23203386725,7314.23203386726,7314.23203386726,7314.23203386726,7314.23203386725,7314.23203386726,7314.23203386726,7314.23203386726,7314.23203386726,7314.23203386726,7314.23203386725,7314.23203386726,7314.23203386726,7314.23203386725,7314.23203386726,7314.23203386725,7314.23203386726,7314.23203386726,7314.23203386726,7314.23203386725,7314.23203386725,7314.23203386726,7314.23203386726,7314.23203386725,7314.23203386726,7314.23203386725,7314.23203386726,7314.23203386726,7314.23203386726,7314.23203386725,7314.23203386726,7314.23203386726,7314.23203386726,7314.23203386726,7314.23203386726,7314.23203386726,7314.23203386726,7314.23203386726,7314.23203386726,7314.23203386726,7314.23203386726,7314.23203386726,7314.23203386726,7314.23203386726,7314.23203386727,7314.23203386727,7314.23203386726,7314.23203386726,7314.23203386726,7314.23203386725,7314.23203386725,7314.23203386726,7314.23203386726,7314.23203386726,7314.23203386726,7314.23203386726,7314.23203386725,7314.23203386726,7314.23203386726,7314.23203386726,7314.23203386726,7314.23203386725,7314.23203386726,7314.23203386726,7314.23203386726,7314.23203386726,7314.23203386726,7314.23203386726,NA,NA,NA,NA,NA,NA
sq2,3119.77163006861,0,3507.49090872416,3764.73378304887,3937.92438318418,3769.95830637618,3078.14538259012,3834.0068928933,3822.29479107406,3580.54323600956,3407.85711783502,0,1471.11983996835,1685.04369386243,1491.19757045872,1523.03953634059,1486.28604329859,1388.36633761988,1447.38123738767,1531.05634201032,1656.92830165086,1565.21598290668,1708.86262011563,0,1617.88521778216,1768.08495903643,2141.56516674692,1704.34168643562,1574.96837231846,2015.98646055753,1898.92582627477,1621.82157218228,1504.17518173486,0,1397.07429473421,1544.42921234237,1385.42861218565,0,0,1620.02579183018,1706.36903362774,1677.92791790415,1644.31166921065,1523.40184643882,1697.46117833244,1665.47040230626,1798.66903321129,3375.14302464274,3423.65453217891,3381.79145451299,3278.63668716666,3257.51334397051,3401.89090132036,2854.8950930431,3546.69853232915,3471.2272948316,4115.34803407758,2545.58441408357,3548.25549841523,3191.78954756307,3385.60643530202,1717.58422265257,1369.81746477588,1362.0800774544,1299.10103229986,1175.17368242888,0,2143.54013768153,1510.11331038942,1350.90268010237,1415.35299425224,2264.39318779896,1363.97506745236,1846.42340246908,1305.99907885671,2251.76563145947,1613.17647452313,1459.57290432473,0,0,1229.22263894198,1439.70823865225,1792.2696997671,1603.34025137959,1394.91633122527,1516.05653432171,1317.83075738608,1270.00271441986,1781.17673132246,1713.95850251108,1228.06511502377,1724.11376158719,1534.66708746739,1419.79136186491,1459.6102678005,1433.19983802008,1314.11101243947,1894.84789146215,1853.03337269265,1265.75690282413,1562.68941408324,1492.38628899136,1634.65797318591,3388.36920040161,1531.50973190049,1518.14476586744,1511.58199102589,0.000794651808829353,0.810158865800126,0.133258575903512,0.000164410719068142,0.607619149350095,0.0229756165350883
sq3,0,0,0,0,0,0,0,0,0,0,0,0,0,1015.31022570863,882.752142018462,992.036450668669,0,0,1001.27058202845,0,1015.7456233573,0,1047.56903852004,0,0,958.213844012941,1137.55744380655,965.606125978375,994.630339512181,0,1012.29132189449,0,0,0,0,1131.38419043685,976.470205747266,0,0,0,872.429280351023,0,0,949.855325036812,1011.48487605897,1048.70272809908,967.108243936639,818.89818118774,809.512044839167,804.484940926641,608.795072812694,284.174505542264,0,1843.49908584586,711.414665908061,785.733148159927,629.288655696329,795.460818634267,329.236690153204,724.963844098836,740.158729056612,182.019315023961,1000.8476030367,978.095708296485,1061.46370902145,612.069626265043,0,529.775993900314,732.565605891039,781.05509024525,671.727763600122,973.527712569151,699.964140875469,493.843405157677,725.663965564783,564.276830656869,681.729377004358,999.236622472943,0,0,548.50486941161,736.993503119606,1185.34499595559,943.269222362093,0,811.732224199126,749.28926496928,659.302092520013,883.851691185727,647.521756304577,509.935399995554,877.160687300063,955.580243131255,973.864111026474,974.561391854564,875.844345456716,729.310484717209,786.540634191836,798.819133863679,970.413625498501,819.558235897976,692.320521160356,661.355835305306,745.83807063611,834.472946519966,770.166189542084,1531.61031332141,0.602899662380408,1.88225913488028e-09,0.445402197575511,0.311844652955384,7.64667773545114e-10,0.153586964681211
sq4,875.168495062852,0,823.51803743193,902.478810580421,1090.19718661978,833.494183382489,1311.16967777626,954.387981921937,921.523687309742,894.370081193149,999.673256702377,0,0,471.241033029323,337.82068417182,382.437240402704,0,0,450.076083406849,445.564899531147,479.267860542659,462.393979152528,488.782212483695,0,443.844617267672,489.130079370623,450.730307923349,448.116240988023,514.57734920217,590.927237690842,501.622015516735,419.199643657284,0,0,0,490.009932819588,462.538518511863,0,0,513.528315799059,392.837554107639,500.274482596014,460.615848140405,480.983206484943,431.162907997486,471.471443264146,477.462101534073,904.744154081434,879.282143731383,961.621398503297,874.082388701842,1190.58340745152,412.491766487229,1852.6935950022,1037.47972111592,990.536863037252,1284.79767204667,1009.83448990872,1416.18241621343,963.491022271724,950.283535710643,1249.82135058732,446.718687659849,406.061499212164,397.762043255697,0,0,851.355886876705,460.531009551384,472.309490210744,519.715976118749,586.940395768556,462.897634094211,822.007737445155,500.686079584212,778.430085665199,456.983428541383,445.810114735574,0,0,371.268116819976,501.326975959267,601.662350888296,519.287282230073,702.798580356989,420.680996799775,655.78464360264,491.800595561221,590.132684053885,535.389939968907,386.847544824213,604.152260258653,478.224871448763,456.819152080182,460.126886154235,410.393216028799,431.417152315336,509.463819874257,102.158041986119,876.815509695797,419.53576361444,193.875945376978,418.772146976831,939.592561599481,458.850609700611,492.821024333023,762.188931801791,0.0427421748226214,0.000661904991507481,0.902600463741446,0.0117909447786542,0.00035163702673835,0.52911061667602
sq5,0,0,229.65714283313,203.90734632361,237.861204353407,194.909409037136,193.960011505364,230.369512877709,217.340492290033,183.77467421777,181.998561246607,0,0,167.076366255851,212.633727639484,246.331756349612,205.096819594967,0,162.582549953135,135.686430309897,162.994249869238,205.233691281603,223.764746891512,0,130.903481590465,138.987782116243,190.785315523111,140.622251356074,203.858119172745,227.125094758725,170.893271819329,167.221715775857,129.753130692783,0,240.231473051125,151.364324797674,180.422826369876,228.81919058297,0,114.905507126309,192.447635371549,235.530687061627,152.959225042851,183.396474415122,169.357682780994,218.438551281711,191.137141124485,183.327695125389,176.661468348879,173.253017328108,194.930305434928,189.449670361509,243.230201563552,413.752912035232,192.180767387664,219.153019741341,0,30.4679609621821,120.144840559939,169.603288564685,220.74909463092,0,155.947067020088,140.741704095867,144.316228514567,0,0,189.135894501312,169.218370951439,38.2649467843494,118.32268863415,500.210371651553,143.812857194318,0,145.083778322983,0,191.783209355072,154.6729907022,0,0,69.679771684211,0,362.663822291997,0,230.705916956094,144.445125827069,261.729453557514,148.408062072298,152.697954778022,176.094331287708,163.882687170985,152.17797498968,150.423459564793,159.53431818789,166.270588610302,270.207298066434,145.355044462758,262.180211397279,0,193.985732233583,130.088608872695,64.1886575910263,208.08784274048,155.820629780783,170.289426750465,187.741342603056,0,0.108704054440332,0.67956012262627,0.0187820259040137,0.0337357410332065,0.488433838137631,0.00194296819696693
sq6,0,0,0,0,0,0,0,0,0,0,0,0,0,0,0,0,0,0,0,0,182.424027999346,0,0,0,0,0,0,0,0,0,0,0,0,0,0,0,0,0,0,0,0,0,0,0,0,0,0,107.82461053214,85.4236467205972,104.08611506146,89.3947897535975,125.354422604472,0,252.849001799308,96.3374026750499,111.750646971279,114.870151436632,116.107635018045,55.4259347334527,97.7925344702761,99.1600211176323,0,151.452915232766,137.193593908576,163.694379339844,0,0,234.098432729013,79.9681753019458,74.27901434609,180.770774302173,0,149.430546928471,0,206.842413690198,105.376998496162,161.817082893342,164.084310242281,0,0,196.890021528207,0,263.994704981599,181.913618757499,0,162.037801408571,114.793619981366,162.872785471157,207.48957384543,192.282375195323,132.934883585048,139.069010851992,143.467461434629,166.582018991371,173.524003549677,162.209083322013,114.931895621715,351.559828919078,644.163209190249,98.4477591085436,0,125.102383672306,155.045843610554,95.1264518886431,147.8396952496,135.685788517663,105.148692051488,0.674790857663457,NA,NA,0.418835704756629,NA,NA
sq7,0,0,0,0,0,0,0,0,0,0,0,0,0,0,0,0,0,0,0,0,0,0,0,1676.84998932748,0,0,0,0,0,0,0,0,0,0,0,0,0,0,0,0,0,0,0,0,0,0,0,0,0,0,0,0,0,0,0,0,0,0,0,0,0,0,0,0,0,0,0,0,0,0,0,0,0,0,0,0,0,0,2083.05320526165,1849.69881201985,0,0,0,0,0,0,0,0,0,0,0,0,0,0,0,0,0,0,0,0,0,0,0,0,0,0,0,NA,NA,NA,NA,NA,NA
sq8,0,0,0,0,0,0,0,0,0,0,0,0,0,0,0,0,0,0,0,0,0,0,0,0,0,0,0,0,0,0,111.58325395262,0,0,0,0,0,137.777431046087,0,0,0,133.796927448791,0,0,135.817200392331,0,0,172.099577267465,67.2287739528931,68.8756104448794,51.7072958692415,77.80657626702,0,0,0,65.2130110415723,66.0937678584997,0,51.6033933413534,60.7362039294722,68.563031547426,0,0,129.431571474886,120.241511902631,133.097299089406,0,0,42.0301987780692,124.95027390929,123.04806416928,122.431115322836,0,65.1652009161753,0,102.44091104562,83.0390172481279,129.853214667497,114.981773511424,0,0,0,0,46.9226468987228,157.090744484813,113.216792580305,148.457490433376,115.62848267214,99.2280025161757,123.954810349218,112.921477014091,79.4795864820656,62.695045875898,94.7754745234821,118.529513513091,116.798579023791,127.480245639493,77.7480470382193,0,0,153.248728464531,102.444779487247,88.0956576121739,100.149229126434,71.782537314743,95.822024698815,113.924860170491,123.507987489049,0.10946408126357,0,0.00854152498569055,0.0377462349184723,0,0.000589070688668314
sq9,0,0,0,0,0,0,0,0,0,0,0,0,0,97.1042128666484,78.2418478327104,99.6828897290257,0,0,0,0,0,0,97.5064260197652,0,120.67664709121,85.5309428407646,150.24343597445,0,93.7089741358584,0,70.3678178079588,0,0,0,0,110.316372310169,120.281884246584,0,0,0,87.9760618841368,129.633168847872,95.5995156517822,90.8331594980558,104.877464107497,94.8873344934131,94.4263167308214,60.2473243500927,54.5637952875019,0,0,162.790585011237,0,0,0,73.9206614206904,0,0,0,0,0,0,130.779817011083,98.1643818483776,114.739050939143,0,0,0,0,0,0,0,0,282.253263901761,96.8042101986117,0,99.3876527647378,100.455606395212,0,0,0,0,68.8491174121446,143.8639574636,0,89.1979516325276,0,154.772540367796,0,58.8297205423061,135.044961102271,0,0,108.919012417435,109.917134081307,99.5277665291722,78.1705907721226,0,1160.62886589785,77.1093285628494,0,130.3422740879,76.7810756635997,0,98.5597968330668,104.537793040338,232.551075542444,0.833358477441328,0.0770189956691338,0.725847001297523,0.54599348522018,0.0481368722932086,0.400467311060703
sq10,0,0,0,0,0,0,0,0,0,0,0,0,0,0,0,0,0,0,0,0,0,0,0,0,0,0,0,0,0,0,0,0,0,0,0,0,0,0,0,0,78.8118887712059,0,0,0,0,0,0,71.6245014805823,67.0866335502072,0,38.4894233661322,66.9313206666411,0,445.933694082416,48.415720318743,63.0499759176477,0,0,0,71.0890379728575,0,0,109.657303610667,100.924023105159,125.70300469555,0,0,0,102.816225388216,0,0,108.244448704167,0,235.144515471198,73.5221849609709,0,81.4079768876998,104.752078359162,0,0,0,0,226.719705108782,71.2072232785829,0,90.1238819262908,147.353264921535,48.8907650881449,132.937042983219,89.2316566614844,0,66.1147756509469,108.68747078381,99.3085113217786,114.75274404089,77.5046011695256,75.2127846347991,169.821273291419,0,106.692152728471,0,76.3059041770874,94.9563061346934,84.0380924660405,98.0122424062164,126.725406257063,463.433124226928,0.674790857663457,0,0.495379826446493,0.383322636248736,0,0.204984755770963
sq11,0,0,0,0,0,0,0,0,0,0,0,0,0,0,0,0,0,0,0,0,0,0,0,0,0,0,0,0,0,0,0,0,0,0,0,0,0,0,0,0,0,0,0,0,0,0,0,69.038779405471,85.8708909442652,73.1960422045107,83.6006830103087,115.71177471182,0,0,94.8552887877415,86.9654840243417,0,0,67.3740404244964,119.444018116832,94.438115350126,0,67.4122768098364,63.0775144407245,60.6842091633691,0,0,102.631880737146,72.1141580847904,67.1512301411622,0,297.840315378546,98.8713393210935,0,154.151514468169,0,100.386523646796,69.1527392292905,0,0,0,0,0,0,0,136.729040045708,308.064332895448,124.685915698168,0,93.5747903927956,53.4552971029822,116.840767314173,68.6904815353678,64.0700073043733,65.2807344543802,47.4345100053927,51.972879270114,0,0,78.0792572240173,0,115.277589143068,110.535075109917,70.6153415860479,84.3233817349572,81.4968100845086,302.650203576769,0.975059963903478,0,1,0.706077904895622,0,0.999912473345564
sq12,0,0,0,0,0,0,0,0,0,0,0,0,0,0,0,0,0,0,0,0,0,0,0,0,0,0,0,0,0,0,0,0,0,0,0,0,0,0,0,0,0,0,0,0,0,0,0,113.254626889874,118.519719272033,117.516581521003,139.058561838929,196.823459926478,63.3064908179108,0,106.218161923773,145.667185740772,149.83063230865,117.205579557223,178.557801716153,111.505140779761,132.213361490176,0,39.5485357284374,41.3946188517255,42.3259610131062,0,0,0,73.5421612151823,61.5240320846402,73.9516803963437,0,75.2770424376507,0,71.0714454622719,125.772546592194,55.9367693952293,52.1714452765357,0,0,48.9545062601893,0,42.9758822063068,0,85.4466359096643,46.2965146881631,0,18.8041404185173,115.870800978617,53.3020957933646,82.9963823441039,59.8452710633571,67.8209817690973,46.1304052591488,46.1242796144908,41.9287186654811,66.7619099567318,0,0,27.6429668432856,95.9403490436122,0,82.7158447970181,107.965604904288,57.493214819289,52.0555540853929,523.518091113493,1,0,1,0.95473775947836,0,0.999947484837617
sq13,0,0,0,0,0,0,0,0,0,0,0,0,0,0,0,0,0,0,0,0,0,0,0,0,0,0,0,0,0,0,0,0,0,0,0,0,0,0,0,0,0,0,0,0,0,0,0,0,0,0,0,0,0,0,0,0,0,0,0,0,0,0,0,38.2407431296892,45.38566903815,0,0,51.3159403685729,0,0,0,0,0,0,52.6908992220292,131.114237760202,0,42.3509379303643,296.577079729412,317.112053295574,0,0,0,0,0,38.889072338057,0,46.8657038123046,0,46.9848103660029,0,0,0,0,37.1969996891055,0,0,0,0,0,0,160.471643977566,0,0,0,44.3752264334497,0,NA,NA,NA,NA,NA,NA
sq14,0,0,0,0,0,0,0,0,0,0,0,0,0,0,0,0,0,0,0,0,0,0,0,0,0,0,0,0,0,0,0,0,0,0,0,0,0,0,0,0,0,0,0,0,0,0,0,0,0,0,0,0,0,0,0,0,0,0,0,0,0,288.866437446115,0,44.5484945737617,43.3458636881208,0,0,0,0,68.651816289568,80.9360057671095,0,0,104.597390583114,60.5332656178661,256.886784352396,0,44.8060647669072,0,0,0,0,0,0,0,41.3582197880924,0,40.7905199847836,0,0,0,0,0,0,54.307619546094,84.2809597417246,0,0,0,106.207188397887,0,0,41.914307004767,0,0,0,0,NA,NA,NA,NA,NA,NA
sq15,0,0,0,0,0,33.3397673352996,62.0672036817164,0,0,0,0,0,0,29.9880657382297,22.0918158586476,38.3395729727022,45.2811160144732,0,25.7752823096434,22.0032049151184,28.0652350768224,44.5085113622754,36.2523891611948,0,36.8166041973184,0,42.9266959926999,22.4995602169718,31.2363247119528,54.2688279511998,30.1576362034109,43.5234602704284,0,0,0,35.9169584265667,26.2433201992546,0,0,46.8133547551628,32.9910232065513,21.9098313545699,36.5016332488623,37.1983415087276,26.4135835529991,16.8029654832086,47.2131583654107,20.1686321858679,12.9700824863734,16.7880830744291,0,0,0,0,22.2317083096269,19.1324064853552,44.949189692595,0,0,12.2691740663815,0,0,39.5485357284374,31.9329916856168,34.421715281743,0,0,0,21.4200469558783,37.139507173045,25.8830881387203,0,34.8296763517489,0,4.65640504752816,0,0,34.1671818085548,0,0,0,0,79.8123526688555,0,0,62.9632599759018,111.036737872885,43.1048757286011,43.1147166432062,20.5311776389256,17.5839793101915,53.0058115132592,0,33.3164037982741,30.1295697481755,47.4345100053927,27.4653427037188,0,0,0,52.0354435490778,22.2695342662744,0,19.2587295234676,28.4728301962193,33.2814198250873,185.818323519561,1,1,0.445402197575511,0.911801832056204,0.930694665535365,0.145393252092241
sq16,0,0,0,0,0,0,0,0,0,0,0,0,0,0,0,0,0,0,0,0,0,0,0,0,0,0,0,0,0,0,0,0,0,0,0,0,0,0,0,0,0,0,0,49.3094294418017,0,0,59.3971992339038,0,0,0,0,0,0,0,0,0,0,49.6819903977924,49.4518818879309,0,0,241.130979829537,0,0,39.2662529880624,0,0,0,0,0,0,0,0,0,0,308.361262880475,0,0,0,0,0,0,0,0,252.06757593351,0,0,51.2051208319624,0,55.6710778286252,76.666149792435,0,0,0,38.4988946782242,47.4345100053927,0,0,0,103.297402414383,0,59.9312466283562,0,0,0,0,0,NA,NA,NA,NA,NA,NA
sq17,0,0,0,0,0,0,0,0,0,0,0,0,0,0,0,0,0,0,0,0,0,0,0,0,0,0,0,0,0,0,0,0,0,0,0,0,0,0,0,0,0,0,0,0,0,0,0,29.9943760712908,0,0,0,0,0,0,0,0,0,0,66.0464731254916,0,0,0,0,0,35.6965936255112,0,0,51.8046636101784,49.9801095637161,0,0,196.991450126216,0,0,32.839909282567,0,0,35.5993391298714,29.0565382167329,35.9636658143639,0,0,109.632352567109,0,0,68.8274851697358,55.5183689364425,32.9795693493995,90.7205496034131,45.0106586699523,0,0,0,0,36.2670746968779,46.5874651838678,0,0,0,0,0,98.2479452923873,53.7838452716037,0,0,37.9749533901637,131.85312177885,NA,NA,1,NA,NA,1
sq18,0,0,0,0,0,0,0,0,0,0,0,0,0,48.5521064333242,0,0,0,0,0,0,0,0,0,0,0,0,0,0,0,0,34.1786543638657,0,0,0,0,0,0,0,0,0,0,0,0,51.0395848608123,0,0,49.4976660282532,0,0,0,0,0,0,0,0,0,0,0,0,0,0,0,0,15.3751441449266,17.3383454752483,0,0,60.6016819590766,62.8321377372431,43.8921448408714,38.6192108736462,0,0,0,23.2820252376408,0,40.4542707233355,21.8915476258405,0,0,68.2504430342785,0,0,0,0,27.7779088128979,153.614735102337,49.1800595561221,65.5702982282095,44.6158283307422,0,33.0573878254735,0,0,29.5716147528389,52.9403013453044,0,0,0,0,121.958070818151,0,45.2526146423148,0,38.328809879526,37.5482685206113,238.670840688298,0.519375380998341,0.00251029771562135,0.552020467211827,0.214913950757934,0.00141204246503701,0.266492639343641
sq19,0,0,0,0,0,0,0,0,0,0,0,0,0,0,0,0,0,0,0,0,0,0,0,0,0,0,0,0,0,0,0,0,0,0,0,0,0,0,0,0,37.2676373259191,0,0,56.2300511178441,0,0,31.2216047255135,0,0,0,0,0,0,0,0,0,0,0,0,0,0,0,26.0660803664701,35.086867407653,18.3582481502629,0,0,29.8121177379328,29.2740641730337,35.2637744875377,43.9601655689376,154.634926720238,0,0,26.2229126360796,0,26.4700783745282,30.893679359831,0,0,137.93021471849,0,0,0,0,47.5310884131808,0,47.4442927482589,0,39.4830339210108,0,153.887839877204,0,32.6757037252304,30.8735097419576,69.8811977758018,34.2260424461726,0,0,0,0,0,0,0,39.9714731600771,31.1479954773253,114.606510913262,1,NA,NA,0.823075515014805,NA,NA
sq20,0,0,0,0,0,0,0,0,0,0,0,0,0,0,0,0,0,0,0,0,0,0,0,0,0,0,0,0,0,0,35.1839089039794,0,0,0,0,0,0,0,0,36.8832492010374,39.7114168227006,0,0,0,0,0,49.4976660282532,22.7543542609792,20.5732342887302,20.1456996893149,7.03570104542202,49.3476686270998,0,0,19.7615184974461,13.0448226036513,28.7175378591579,0,15.5989157633071,10.1040257017259,24.7900052794081,0,28.7625714388635,25.6252402415443,34.1667396129893,0,0,43.4963685028856,74.9701643455741,34.5134814133348,27.115616145326,0,26.9649107239346,0,32.3497613828272,122.373288576188,27.4689492565858,31.7120549720119,0,0,0,0,53.9391174630178,0,0,0,0,70.587850186434,0,25.663972048657,16.1772609653762,14.8188290252122,27.8239925206553,28.1908032139243,32.5473747279673,12.705672322873,39.296567253013,0,0,0,50.4093359381691,0,42.6561531464443,23.9275124382476,36.1385921721245,23.0409829558297,0,0.674790857663457,3.8621545326935e-09,0.230976131899419,0.399163553310731,1.68969260805341e-09,0.0557528594239977
sq21,0,0,0,0,0,0,0,0,0,0,0,0,0,0,0,0,0,0,0,0,0,0,0,0,0,0,0,0,0,0,0,0,0,0,0,0,0,0,0,0,0,0,0,0,0,0,0,0,0,0,0,0,0,0,0,0,0,0,0,0,0,0,29.661401796328,19.3174887974719,38.7563016505551,0,0,39.0978593284365,39.2700860857769,41.2661190811611,0,0,0,0,49.7500118235903,0,65.4260427747772,32.5304305841929,0,0,116.490284969502,0,72.7958821045605,0,0,39.1977157693114,0,41.9476978566924,0,39.4830339210108,30.2444444135294,0,54.7784852750401,35.2385040174053,33.1053297233039,0,0,0,0,0,92.6881338217949,0,45.2526146423148,0,33.948374464723,42.2418020856877,0,0.568984165857634,3.22973970800046e-16,1,0.274682011103685,1.11022302462516e-16,0.99998164756211
sq22,0,0,0,0,0,0,0,0,0,0,0,0,0,0,0,0,0,0,0,0,0,0,0,0,0,0,0,0,0,0,0,0,0,0,0,0,0,0,0,0,0,0,0,0,0,0,0,0,0,0,0,53.8853852824653,0,0,0,43.9175694322926,0,39.2515172756039,0,0,0,0,0,0,35.6965936255112,0,0,0,0,0,78.470949753898,109.589100240864,0,0,46.0739025755418,93.2367912961436,0,36.0085269359619,0,0,0,0,0,0,0,44.4446541006366,138.169775323026,0,0,0,0,0,0,0,29.1996447559478,0,0,0,0,0,0,55.0188493637369,0,0,0,41.3884323465829,0,NA,NA,NA,NA,NA,NA
sq23,0,0,0,0,0,0,0,0,0,0,0,0,0,0,0,0,0,0,0,0,0,0,0,257.976921434997,0,0,0,0,0,0,0,0,0,0,0,0,0,0,0,0,0,0,0,0,0,0,0,0,0,0,0,0,0,0,0,0,0,0,0,0,0,0,0,0,0,0,0,0,0,0,0,0,0,0,0,0,0,0,284.052709808406,255.633624572371,0,0,0,0,0,0,0,0,0,0,0,0,0,0,0,0,0,0,0,0,0,0,0,0,0,0,0,NA,NA,NA,NA,NA,NA
sq24,0,0,0,0,0,0,0,0,0,0,0,0,0,0,0,0,0,0,0,0,0,0,0,0,0,0,0,0,0,0,0,0,0,0,0,0,0,0,0,0,0,0,0,0,0,0,0,0,0,0,0,0,0,0,0,36.9603307103452,0,64.5042416766918,0,0,0,0,0,0,38.5013259818014,0,0,0,0,33.0128952649289,0,0,0,0,61.7586353672156,100.520915616155,0,27.8247708141524,0,0,0,0,0,0,0,60.4941125258665,0,0,0,0,0,68.3945955009796,0,0,31.9894197326307,0,0,0,0,0,0,46.8315205893713,52.3001529882491,0,0,45.2285961725545,57.303255456631,NA,NA,NA,NA,NA,NA
sq25,0,0,0,0,0,0,0,0,0,0,0,0,0,0,0,0,0,0,0,0,0,0,0,0,0,0,0,0,0,0,0,0,0,0,0,0,0,0,0,0,0,0,0,0,0,0,0,0,0,0,0,0,0,0,0,0,0,0,0,0,0,0,0,34.6926329423985,33.9117639442357,0,0,0,0,60.3985924733358,0,174.132374002355,0,0,34.5554269316563,0,0,35.190151323781,0,0,0,0,44.2914704371121,0,0,39.8150026318203,75.1376421696214,0,0,33.5605788328592,0,39.8968473755714,0,0,46.3102646129363,0,43.5220045920467,0,0,0,0,36.0242466072087,33.0121533046395,0,0,0,0,NA,NA,1,NA,NA,0.99998475646406
sq26,0,0,0,0,0,0,0,0,0,0,0,0,0,0,0,0,0,0,0,0,0,0,0,0,0,0,0,0,0,0,0,0,0,0,0,0,0,0,0,0,0,0,0,0,0,0,0,31.8043815238687,0,0,31.0398575533325,0,0,0,0,37.8299855505886,0,68.8960198334027,41.818369918653,0,0,0,0,0,43.6008393568745,0,0,81.1280581065057,0,0,0,0,0,0,29.6539479342583,0,41.4531416053932,35.5993391298714,0,0,0,0,0,0,0,34.2594208692407,0,0,0,0,0,0,0,0,37.1969996891055,43.6228083085308,47.7474419310803,0,0,0,0,0,0,0,0,48.6420751289737,0,NA,NA,1,NA,NA,1
sq27,0,0,0,0,0,0,0,0,0,0,0,0,0,0,0,0,0,0,0,0,0,0,0,243.319141808009,0,0,0,0,0,0,0,0,0,0,0,0,0,0,0,0,0,0,0,0,0,0,0,0,0,0,0,0,0,0,0,0,0,0,0,0,0,0,0,0,0,0,0,0,0,0,0,0,0,0,0,0,0,0,224.186221586,241.296757795023,0,0,0,0,0,0,0,0,0,0,0,0,0,0,0,0,0,0,0,0,0,0,0,0,0,0,0,NA,NA,NA,NA,NA,NA
sq28,0,0,0,0,0,0,0,0,0,0,0,0,0,0,0,0,0,0,0,0,0,0,0,0,0,0,0,0,0,0,0,0,0,0,0,0,0,0,0,0,0,0,0,0,0,0,0,22.7543542609792,0,0,0,0,0,0,0,0,0,0,141.385917344017,32.1163674090575,0,281.505362206175,0,0,0,0,0,0,0,0,0,0,0,0,0,0,0,0,0,0,0,0,0,0,0,0,0,0,0,0,0,0,0,0,0,0,0,0,0,0,0,0,0,0,0,0,0,NA,NA,NA,NA,NA,NA
sq29,0,0,0,0,0,0,0,0,0,0,0,0,0,0,0,0,0,0,0,0,0,0,0,143.646240344487,0,0,0,0,0,0,0,0,0,0,0,0,0,0,0,0,0,0,0,0,0,0,0,0,0,0,0,0,0,0,0,0,0,0,0,0,0,0,0,0,0,0,0,0,0,0,0,0,0,0,0,0,0,0,162.315834176232,211.651033272372,0,0,0,0,0,0,0,0,0,0,0,0,0,0,0,0,0,0,0,0,0,0,0,0,0,0,0,NA,NA,NA,NA,NA,NA
sq31,0,0,0,0,0,0,0,0,0,0,0,0,0,0,0,0,0,0,0,0,0,0,0,0,0,0,0,0,0,0,0,0,0,0,0,0,0,0,0,0,0,0,0,0,0,0,0,0,25.9401649727468,0,15.3129963929773,0,0,0,0,0,0,7.96009790903856,0,0,0,0,0,0,0,0,0,0,0,0,0,0,0,0,4.90147899739806,469.097606208722,0,5.31944147917619,5.00974796840223,0,0,0,0,7.79112112208414,0,7.4074423501061,0,0,0,0,0,0,0,0,3.90568496735608,0,0,0,0,0,0,0,17.0624612585777,0,0,10.66712173881,0,NA,NA,NA,NA,NA,NA
sq33,0,0,25.5174603147922,0,0,0,0,0,0,0,0,0,0,25.704056347054,13.8073849116548,0,31.9631407160987,0,0,0,0,0,0,0,49.0888055964245,0,0,0,0,46.229001588059,0,0,0,0,0,0,0,0,26.2865481899991,0,0,47.4713012682349,76.4796125214257,0,0,0,60.9202043424654,7.75716622533382,3.13070956567634,0,7.03570104542202,0,0,0,4.44634166192538,0,0,1.37243067397217,0,3.24772254698334,0,0,0,0,1.52985401252191,0,0,0,0,0,0,0,0,0,0,0,0,0,17.0331430925676,15.5518554872925,0,0,0,0,0,5.55558176257957,0,0,0,0,0,0,0,0,2.41780497979186,2.96465687533704,0,0,9.93203185976155,2.90978598350375,0,2.94743835877162,0,3.50158718608502,3.28532656110223,3.41347895641921,0,0.999845443905819,0.00427140359161103,0.137974340206587,0.758503440204414,0.00253614588251905,0.028546415215156
sq37,0,0,0,0,0,0,0,0,0,0,0,0,0,0,0,0,0,0,0,0,0,0,0,0,0,0,0,0,0,0,0,0,0,0,0,0,0,0,0,0,0,0,0,0,0,0,0,0,0,0,0,0,0,0,0,0,0,0,0,0,0,0,0,0,0,0,1098.63979109529,35.6767966371983,0,21.758499151885,25.4722454698517,0,0,0,0,0,0,0,0,0,0,0,0,0,0,0,0,0,44.9111631700065,0,0,0,0,0,0,0,0,0,0,0,0,0,0,0,0,0,0,NA,NA,NA,NA,NA,NA
sq50,0,0,0,0,0,0,0,0,0,0,0,0,0,17.1360375647027,0,0,0,0,0,0,0,0,0,0,0,0,0,0,0,0,0,0,0,0,0,0,8.74777339975155,0,0,0,0,0,0,0,0,0,0,0,0,0,0,0,0,0,0,11.7403403432861,0,0,0,0,0,0,0,0,0,0,0,1.95489296642182,0,8.62837035333369,10.2710667217144,0,0,0,0,0,0,2.45512683654286,0,0,17.5092759616735,0,0,0,0,0,0,0,0,0,0,0,0,0,1.85984998445527,7.62340339372383,0,0,0,0,0,0,1.85461535419323,0,2.73777213425186,8.10701252149562,0,0.563952660034284,0.18903647153754,1,0.252806364842955,0.124055184446511,0.660248238322333
sq54,0,0,0,0,0,0,0,0,0,0,0,0,0,0,0,0,0,0,55.5159926669241,0,10.7943211833932,0,23.7515653125069,0,0,0,0,0,0,0,0,0,0,0,0,0,43.7388669987577,0,0,0,0,0,0,0,0,12.849326545983,0,0,0,0,0,0,0,0,0,0,0,0,0,0,0,0,0,0,0,0,0,0,0,0,0,0,0,0,0,0,0,0,0,0,10.3626327120109,0,0,0.905944316521411,0,0,0,0,0,0,0,0,0,12.8140014608747,0,0,0,0,0,0,0,0,0,0,0,0,0,NA,NA,NA,NA,NA,NA
